Time,KBC Mobile,ING Banking,ING Smart Banking,KBC Touch
2021-09-12,4,13,0,82
2021-09-19,4,15,0,87
2021-09-26,4,15,0,90
2021-10-03,4,17,0,87
2021-10-10,5,16,0,86
2021-10-17,5,15,0,85
2021-10-24,6,16,1,87
2021-10-31,4,15,0,85
2021-11-07,4,19,0,77
2021-11-14,4,14,0,81
2021-11-21,3,15,0,84
2021-11-28,4,15,0,89
2021-12-05,5,14,0,87
2021-12-12,4,16,0,94
2021-12-19,4,16,0,96
2021-12-26,4,15,0,95
2022-01-02,4,15,0,100
2022-01-09,5,14,0,98
2022-01-16,3,15,0,85
2022-01-23,3,14,0,77
2022-01-30,4,17,0,95
2022-02-06,4,14,0,81
2022-02-13,4,14,0,70
2022-02-20,4,12,0,73
2022-02-27,3,14,0,80
2022-03-06,3,14,0,77
2022-03-13,3,13,0,71
2022-03-20,4,14,0,83
2022-03-27,3,12,0,88
2022-04-03,4,12,0,84
2022-04-10,4,10,0,75
2022-04-17,4,10,0,75
2022-04-24,4,11,0,73
2022-05-01,4,13,0,79
2022-05-08,3,12,0,76
2022-05-15,3,12,0,75
2022-05-22,3,12,0,70
2022-05-29,4,11,0,77
2022-06-05,4,12,0,81
2022-06-12,3,10,0,76
2022-06-19,3,9,0,81
2022-06-26,5,12,0,89
2022-07-03,3,13,0,95
2022-07-10,3,11,0,90
2022-07-17,3,12,0,73
2022-07-24,3,12,0,72
2022-07-31,3,12,0,84
2022-08-07,2,11,0,74
2022-08-14,3,11,0,69
2022-08-21,4,10,0,79
2022-08-28,4,11,0,81
2022-09-04,4,11,0,77
2022-09-11,2,10,0,74
2022-09-18,3,11,0,79
2022-09-25,4,12,0,78
2022-10-02,4,11,0,85
2022-10-09,4,11,0,81
2022-10-16,3,9,0,75
2022-10-23,4,9,0,73
2022-10-30,3,11,0,73
2022-11-06,3,10,0,70
2022-11-13,3,11,0,80
2022-11-20,3,10,0,70
2022-11-27,3,10,0,78
2022-12-04,4,11,0,76
2022-12-11,4,11,0,75
2022-12-18,3,11,0,83
2022-12-25,4,10,0,75
2023-01-01,3,10,0,84
2023-01-08,3,10,0,81
2023-01-15,4,9,0,79
2023-01-22,4,9,0,78
2023-01-29,3,10,0,77
2023-02-05,3,11,0,70
2023-02-12,3,9,0,68
2023-02-19,3,10,0,71
2023-02-26,4,10,0,78
2023-03-05,6,9,0,72
2023-03-12,3,10,0,66
2023-03-19,3,13,0,78
2023-03-26,3,11,0,73
2023-04-02,3,11,0,74
2023-04-09,2,9,0,69
2023-04-16,2,10,0,67
2023-04-23,4,11,0,65
2023-04-30,2,9,0,65
2023-05-07,3,9,0,67
2023-05-14,2,8,0,58
2023-05-21,3,11,0,75
2023-05-28,3,9,0,66
2023-06-04,2,9,0,61
2023-06-11,3,8,0,66
2023-06-18,3,9,0,65
2023-06-25,3,10,0,74
2023-07-02,3,13,0,83
2023-07-09,2,10,0,75
2023-07-16,3,9,0,62
2023-07-23,3,9,0,67
2023-07-30,3,13,0,67
2023-08-06,3,11,0,59
2023-08-13,2,11,0,58
2023-08-20,4,11,0,73
2023-08-27,3,12,0,83
2023-09-03,2,11,0,68
2023-09-10,2,10,0,62
2023-09-17,2,11,0,65
2023-09-24,3,10,0,70
2023-10-01,3,12,0,72
2023-10-08,2,9,0,66
2023-10-15,2,10,0,71
2023-10-22,3,11,0,68
2023-10-29,2,10,0,63
2023-11-05,3,12,0,62
2023-11-12,2,11,0,63
2023-11-19,2,10,0,81
2023-11-26,3,10,0,67
2023-12-03,3,10,0,70
2023-12-10,4,10,0,70
2023-12-17,3,12,0,75
2023-12-24,2,11,0,68
2023-12-31,2,12,0,76
2024-01-07,2,9,0,72
2024-01-14,2,10,0,75
2024-01-21,3,11,0,73
2024-01-28,2,9,0,78
2024-02-04,2,10,0,72
2024-02-11,2,9,0,71
2024-02-18,2,10,0,70
2024-02-25,2,10,0,74
2024-03-03,2,7,0,69
2024-03-10,2,10,0,68
2024-03-17,1,9,0,64
2024-03-24,2,26,0,74
2024-03-31,2,10,0,75
2024-04-07,2,9,0,70
2024-04-14,2,8,0,67
2024-04-21,2,7,0,63
2024-04-28,2,9,0,65
2024-05-05,2,6,0,55
2024-05-12,2,8,0,64
2024-05-19,2,9,0,64
2024-05-26,2,8,0,65
2024-06-02,2,9,0,64
2024-06-09,3,8,0,58
2024-06-16,2,7,0,59
2024-06-23,2,8,0,56
2024-06-30,2,10,0,69
2024-07-07,3,8,0,69
2024-07-14,2,8,0,62
2024-07-21,2,7,0,63
2024-07-28,2,9,0,62
2024-08-04,2,8,0,58
2024-08-11,2,7,0,54
2024-08-18,2,9,0,62
2024-08-25,4,8,0,58
2024-09-01,2,8,0,72
2024-09-08,2,9,0,67
2024-09-15,2,9,0,60
2024-09-22,3,8,0,70
2024-09-29,3,9,0,75
2024-10-06,2,9,0,60
2024-10-13,2,7,0,63
2024-10-20,2,8,0,64
2024-10-27,2,9,0,62
2024-11-03,2,9,0,61
2024-11-10,2,8,0,57
2024-11-17,3,9,0,62
2024-11-24,1,9,0,66
2024-12-01,2,8,0,66
2024-12-08,2,9,0,69
2024-12-15,2,8,0,70
2024-12-22,1,8,0,61
2024-12-29,3,9,0,77
2025-01-05,2,10,0,70
2025-01-12,2,10,0,64
2025-01-19,2,10,0,64
2025-01-26,2,13,0,66
2025-02-02,2,11,0,64
2025-02-09,2,9,0,61
2025-02-16,2,9,0,62
2025-02-23,2,10,0,63
2025-03-02,2,9,0,65
2025-03-09,2,8,0,66
2025-03-16,0,11,0,60
2025-03-23,2,9,0,62
2025-03-30,2,10,0,68
2025-04-06,3,11,0,63
2025-04-13,2,9,0,60
2025-04-20,2,8,0,58
2025-04-27,2,8,0,58
2025-05-04,2,9,0,60
2025-05-11,2,8,0,58
2025-05-18,2,9,0,64
2025-05-25,1,8,0,55
2025-06-01,2,9,0,63
2025-06-08,1,6,0,54
2025-06-15,3,9,0,59
2025-06-22,1,11,0,65
2025-06-29,3,10,0,71
2025-07-06,3,9,0,69
2025-07-13,2,9,0,61
2025-07-20,3,9,0,58
2025-07-27,3,11,0,63
2025-08-03,2,8,0,57
2025-08-10,3,8,0,50
2025-08-17,2,8,0,62
2025-08-24,2,9,0,56
2025-08-31,2,9,0,62
2025-09-07,2,8,0,56
2025-09-14,2,7,0,59
2025-09-21,3,10,0,62
2025-09-28,2,9,0,70
2025-10-05,3,10,0,65
2025-10-12,2,10,0,58
2025-10-19,3,8,0,64
2025-10-26,3,9,0,60
2025-11-02,2,11,0,57
2025-11-09,2,7,0,56
2025-11-16,2,9,0,56
2025-11-23,3,9,0,56
2025-11-30,3,10,0,63
2025-12-07,4,8,0,62
2025-12-14,3,11,0,64
2025-12-21,2,9,0,59
2025-12-28,2,9,0,68
2026-01-04,4,9,0,66
2026-01-11,4,8,0,62
2026-01-18,4,10,0,56
2026-01-25,3,10,0,58
2026-02-01,3,9,0,62
2026-02-08,3,8,0,53
2026-02-15,3,7,0,50
2026-02-22,3,8,0,56
2026-03-01,4,10,0,60
2026-03-08,2,10,0,55
2026-03-15,3,9,0,54
2026-03-22,2,8,0,60
2026-03-29,3,9,0,63
2026-04-05,4,8,0,49
2026-04-12,3,7,0,51
2026-04-19,2,7,0,53
2026-04-26,3,7,0,54
2026-05-03,2,12,0,50
2026-05-10,3,11,0,45
2026-05-17,2,10,1,53
2026-05-24,3,8,0,47
2026-05-31,2,10,0,56
2026-06-07,3,9,0,50
2026-06-14,3,9,0,48
2026-06-21,2,8,0,49
2026-06-28,3,10,0,56
2026-07-05,2,9,0,49
2026-07-12,2,8,0,41
2026-07-19,2,9,0,39
2026-07-26,3,7,0,35
2026-08-02,3,8,0,36
2026-08-09,2,6,0,36
2026-08-16,1,6,0,35
2026-08-23,2,8,0,35
2026-08-30,3,8,0,40
2026-09-06,2,6,0,32
2026-09-13,2,4,0,21
