rater,page_id,bank,bank_category,product_family,language,url,screenshot_path,capture_quality,formality_score,clarity_score,rate_prominence,value_prop_clarity,accent_locations,text_image_layout,layout_archetype,mobile_first_design_signal,aida_attention,aida_interest,aida_desire,aida_action,persuasion_levers,Notes
siegried,argenta_current_account_pack_fr_01,argenta,traditional,current_account_pack,fr,https://www.argenta.be/fr/formules/green.html#compte,data/raw/argenta/current_account_pack_fr_01.png,ok,3.0,4.0,above_fold,4.0,icons|buttons|text,beside,split_columns,False,False,True,False,True,,
siegried,belfius_current_account_pack_fr_01,belfius,traditional,current_account_pack,fr,https://www.belfius.be/site/retail/fr/produits/paiement/compte-bancaire,data/raw/belfius/current_account_pack_fr_01.png,ok,3.0,3.0,below_fold,3.0,buttons|text|background,beside,split_columns,False,True,True,True,True,,
siegried,belfius_pension_fr_01,belfius,traditional,pension,fr,https://www.belfius.be/retail/fr/moments-cles/pension/index.aspx,data/raw/belfius/pension_fr_01.png,ok,3.0,2.0,absent,4.0,buttons|imagery|text,overlaid,hero_stacked,True,True,True,True,True,liking|social_proof,authority? no authority cuz notice is mandatory by compliance
siegried,bnp_paribas_fortis_current_account_pack_fr_01,bnp_paribas_fortis,traditional,current_account_pack,fr,https://www.bnpparibasfortis.be/fr/public/particuliers/banque-au-quotidien/comptes-bancaires/compte-a-vue-comparer,data/raw/bnp_paribas_fortis/current_account_pack_fr_01.png,ok,3.0,5.0,hero,5.0,buttons|text,,split_columns,False,False,True,False,True,liking|commitment,
siegried,bnp_paribas_fortis_mortgage_fr_01,bnp_paribas_fortis,traditional,mortgage,fr,https://www.bnpparibasfortis.be/fr/public/particuliers/emprunter/pret-immobilier/pret-hypothecaire,data/raw/bnp_paribas_fortis/mortgage_fr_01.png,ok,4.0,5.0,absent,4.0,imagery|buttons,overlaid,hero_stacked,False,True,True,True,True,commitment|liking|reciprocity,"financial details, ""technical sheet"", no authority cuz notice is mandatory by compliance"
siegried,bunq_current_account_pack_fr_01,bunq,challenger,current_account_pack,fr,https://www.bunq.com/fr-be/personal/plans/bunq-free,data/raw/bunq/current_account_pack_fr_01.png,ok,2.0,5.0,below_fold,5.0,imagery|background,beside,hero_stacked,True,True,True,True,True,liking|social_proof|reciprocity,
siegried,crelan_current_account_pack_fr_01,crelan,traditional,current_account_pack,fr,https://www.crelan.be/fr/particuliers/payer/comptes-vue/produit/economy-plus-pack,data/raw/crelan/current_account_pack_fr_01.png,ok,3.0,5.0,above_fold,4.0,icons|background|buttons,overlaid,hero_stacked,False,False,True,True,True,liking,no authority cuz notice is mandatory by compliance
siegried,ing_current_account_pack_fr_02,ing,traditional,current_account_pack,fr,https://www.ing.be/fr/particuliers/comptes-bancaire-packs,data/raw/ing/current_account_pack_fr_02.png,ok,3.0,4.0,below_fold,5.0,buttons|icons,stacked,hero_stacked,True,False,True,True,True,reciprocity|scarcity|social_proof,"grid_card if we scroll, no images stacked or not?), first scarcity"
siegried,ing_current_account_pack_fr_03,ing,traditional,current_account_pack,fr,https://www.ing.be/fr/particuliers/comptes-bancaire-packs/pack-go,data/raw/ing/current_account_go_fr_03.png,ok,3.0,5.0,above_fold,5.0,buttons|imagery|icons,overlaid,hero_stacked,True,False,True,True,True,reciprocity|scarcity|social_proof|authority,"rate at the beginning of the text, no authority cuz notice is mandatory by compliance"
siegried,ing_savings_account_fr_01,ing,traditional,savings_account,fr,https://www.ing.be/fr/particuliers/epargner,data/raw/ing/savings_account_fr_01.png,ok,3.0,3.0,absent,4.0,text,stacked,card_grid,False,False,True,True,True,scarcity|reciprocity,"hub page (>< produit), reciprocity for cashbacks (11%)"
siegried,ing_current_account_pack_en_01,ing,traditional,current_account_pack,en,https://www.ing.be/en/individuals/campaign/current-account-expats,data/raw/ing/current_account_expats.png,ok,2.0,4.0,below_fold,5.0,background|icons,beside,split_columns,False,True,True,True,True,authority|social_proof|reciprocity|scarcity,
siegried,kbc_current_account_pack_en_01,kbc,traditional,current_account_pack,en,https://www.kbc.be/retail/en/products/payments/current-accounts/open-a-basic-account.html?zone=topnav,data/raw/kbc/current_account_pack_en_01.png,ok,2.0,5.0,above_fold,5.0,buttons|imagery|background,beside,split_columns,False,False,True,True,True,authority|liking,first authority
siegried,kbc_current_account_pack_fr_01,kbc,traditional,current_account_pack,fr,https://www.kbc.be/particuliers/fr/produits/paiements/comptes-a-vue/ouvrir-un-compte-de-base.html?zone=topnav,data/raw/kbc/current_account_pack_fr_01.png,ok,3.0,5.0,above_fold,5.0,buttons|icons|background,beside,split_columns,False,False,True,True,True,authority|liking,
siegried,n26_current_account_pack_fr_01,n26,challenger,current_account_pack,fr,https://n26.com/fr-be/compte-bancaire-gratuit,data/raw/n26/current_account_pack_fr_01.png,ok,3.0,5.0,absent,4.0,background|imagery,beside,split_columns,False,False,True,True,True,authority|reciprocity,more factual and product-focused than in France
siegried,revolut_current_account_pack_fr_01,revolut,challenger,current_account_pack,fr,https://www.revolut.com/fr-BE/bank-account/,data/raw/revolut/current_account_pack_fr_01.png,ok,2.0,4.0,above_fold,2.0,background,overlaid,hero_stacked,True,True,True,True,True,social_proof|authority|reciprocity,
siegried,kbc_current_account_pack_nl_01,kbc,traditional,current_account_pack,nl,https://www.kbc.be/particulieren/nl/product/betalen/zichtrekeningen/basisrekening-openen.html,data\raw\kbc\current_account_pack_nl_01.png,ok,,,,,,,,,,,,,,
siegried,belfius_savings_account_fr_01,belfius,traditional,savings_account,fr,https://www.belfius.be/site/retail/fr/produits/epargner,data\raw\belfius\savings_account_fr_01.png,ok,,,,,,,,,,,,,,
siegried,ing_current_account_pack_fr_04,ing,traditional,current_account_pack,fr,https://www.ing.be/fr/professionnel/payer/ouvrir-un-compte-professionnel?mcing=sepa_goog_bb_pay_t_aocurrentaccountsgooglebe2024busbusinessdailybankingfrnatrfseesearchgomubnanambid196853fr&&&&&gclsrc=aw.ds&gad_source=1&gad_campaignid=21719400620&gbraid=0AAAAADHgurFUk5KmBVOvR9c4FdwCy10EV&gclid=Cj0KCQjw5bjVBhCiARIsAJzMVnTKDYLcSA3QsLlJCcXZ_n_3l2ZPuZS9pATIRxsZ3D8fo377mWhxC9waArGQEALw_wcB,data\raw\ing\current_account_pack_fr_04.png,ok,,,,,,,,,,,,,,
siegried,ing_mortgage_fr_01,ing,traditional,mortgage,fr,https://www.ing.be/fr/particuliers/emprunter,data\raw\ing\mortgage_fr_01.png,ok,,,,,,,,,,,,,,
siegried,kbc_mortgage_fr_01,kbc,traditional,mortgage,fr,https://www.kbc.be/particuliers/fr/emprunter/logement/pret-hypothecaire.html?zone=topnav,data\raw\kbc\mortgage_fr_01.png,ok,,,,,,,,,,,,,,
siegried,kbc_savings_account_fr_01,kbc,traditional,savings_account,fr,https://www.kbc.be/particuliers/fr/epargner/comptes-epargne.html?zone=topnav,,ok,,,,,,,,,,,,,,
siegried,n26_current_account_pack_fr_02,n26,challenger,current_account_pack,fr,https://n26.com/fr-be/tarifs-professionnel,data\raw\n26\current_account_pack_fr_02.png,ok,,,,,,,,,,,,,,
siegried,n26_savings_account_fr_01,n26,challenger,savings_account,fr,https://n26.com/fr-be/compte-epargne,data\raw\n26\savings_account_fr_01.png,ok,,,,,,,,,,,,,,
